source,kind,status,public_url,target_or_canonical,repo_path,title,notes
archivo,activa,200,https://clickie.io/,https://clickie.io/,index.html,Clickie — Gestión de Energía Inteligente | Ahorra hasta un 20%,
archivo,activa,200,https://clickie.io/cotiza.html,https://clickie.io/cotiza.html,cotiza.html,Cotiza aquí — Clickie | Gestión de Energía Inteligente,
archivo,activa,200,https://clickie.io/historias/copec.html,https://clickie.io/historias/copec.html,historias/copec.html,Caso de éxito COPEC — Clickie,
archivo,activa,200,https://clickie.io/historias/la-araucana.html,https://clickie.io/historias/la-araucana.html,historias/la-araucana.html,Caso de éxito La Araucana — Clickie,
archivo,activa,200,https://clickie.io/historias/lipigas.html,https://clickie.io/historias/lipigas.html,historias/lipigas.html,Caso de éxito Lipigas — Clickie,
archivo,activa,200,https://clickie.io/historias/oxxo.html,https://clickie.io/historias/oxxo.html,historias/oxxo.html,Caso de éxito OXXO — Tiendas Inteligentes — Clickie,
archivo,activa,200,https://clickie.io/historias/preunic.html,https://clickie.io/historias/preunic.html,historias/preunic.html,Caso de éxito Preunic — Clickie,
archivo,activa,200,https://clickie.io/historias/renova.html,https://clickie.io/historias/renova.html,historias/renova.html,Caso de éxito RENOVA — Clickie,
archivo,activa,200,https://clickie.io/historias/starbucks.html,https://clickie.io/historias/starbucks.html,historias/starbucks.html,Caso de éxito Starbucks — Clickie,
archivo,activa,200,https://clickie.io/historias/tattersall.html,https://clickie.io/historias/tattersall.html,historias/tattersall.html,Caso de éxito Tattersall — Clickie,
archivo,activa,200,https://clickie.io/nosotros.html,https://clickie.io/nosotros.html,nosotros.html,Nosotros — Clickie | Energía Consciente,
archivo,activa,200,https://clickie.io/nosotros/entrevista-marcelo.html,https://clickie.io/nosotros/entrevista-marcelo.html,nosotros/entrevista-marcelo.html,"Entrevista a Marcelo Llévenes, CEO de Clickie — Clickie",
archivo,activa,200,https://clickie.io/nosotros/expo-osaka.html,https://clickie.io/nosotros/expo-osaka.html,nosotros/expo-osaka.html,"Energía, datos y futuro: Clickie visitó la Expo Osaka 2025 — Clickie",
archivo,activa,200,https://clickie.io/nosotros/feria-vulco.html,https://clickie.io/nosotros/feria-vulco.html,nosotros/feria-vulco.html,Clickie en la Feria del Medio Ambiente de Vulco — Clickie Blog,
archivo,activa,200,https://clickie.io/nosotros/prensa.html,https://clickie.io/nosotros/prensa.html,nosotros/prensa.html,Clickie en la Prensa — Noticias y Apariciones en Medios,
archivo,activa,200,https://clickie.io/recursos/analisis-ems-2025/,https://clickie.io/recursos/analisis-ems-2025/,recursos/analisis-ems-2025/index.html,Análisis EMS 2025: De Dashboards a Autonomía — Clickie,
archivo,activa,200,https://clickie.io/recursos/blog.html,https://clickie.io/recursos/blog.html,recursos/blog.html,"Blog Clickie | Energía, eficiencia y sostenibilidad",
archivo,activa,200,https://clickie.io/recursos/blog/1-grado-rentabilidad.html,https://clickie.io/recursos/blog/1-grado-rentabilidad.html,recursos/blog/1-grado-rentabilidad.html,¿Sabías que 1°C puede definir la rentabilidad de tu tienda este verano? | Blog Clickie,
archivo,activa,200,https://clickie.io/recursos/blog/5-errores-gestion-energetica.html,https://clickie.io/recursos/blog/5-errores-gestion-energetica.html,recursos/blog/5-errores-gestion-energetica.html,5 Errores Comunes en la Gestión Energética y Cómo Solucionarlos | Blog Clickie,
archivo,activa,200,https://clickie.io/recursos/blog/5-niveles-de-madurez-en-la-gestion-energetica.html,https://clickie.io/recursos/blog/5-niveles-de-madurez-en-la-gestion-energetica.html,recursos/blog/5-niveles-de-madurez-en-la-gestion-energetica.html,5 Niveles de Madurez en la Gestión Energética | Blog Clickie,
archivo,activa,200,https://clickie.io/recursos/blog/alza-tarifaria-julio-2026-retailers-multisucursal.html,https://clickie.io/recursos/blog/alza-tarifaria-julio-2026-retailers-multisucursal.html,recursos/blog/alza-tarifaria-julio-2026-retailers-multisucursal.html,Cómo prepararte para el alza tarifaria de julio de 2026: impacto del 10% en retailers multisucursal | Blog Clickie,
archivo,activa,200,https://clickie.io/recursos/blog/aqui-van-algunas-mezclas-el-alza-de-julio-carga-el-84-al-sector-comercial-esta-tu-operacion-lista.html,https://clickie.io/recursos/blog/aqui-van-algunas-mezclas-el-alza-de-julio-carga-el-84-al-sector-comercial-esta-tu-operacion-lista.html,recursos/blog/aqui-van-algunas-mezclas-el-alza-de-julio-carga-el-84-al-sector-comercial-esta-tu-operacion-lista.html,El alza de julio carga el 84% al sector comercial: ¿está tu operación lista? | Blog Clickie,
archivo,activa,200,https://clickie.io/recursos/blog/asi-monitoreamos-la-energia-en-la-industria-que-son-los-gemelos-digitales.html,https://clickie.io/recursos/blog/asi-monitoreamos-la-energia-en-la-industria-que-son-los-gemelos-digitales.html,recursos/blog/asi-monitoreamos-la-energia-en-la-industria-que-son-los-gemelos-digitales.html,Así monitoreamos la energía en la industria: ¿Qué son los gemelos digitales? | Blog Clickie,
archivo,activa,200,https://clickie.io/recursos/blog/benchmark-energetico-en-retail-por-que-no-todos-los-locales-deberian-medirse-igual.html,https://clickie.io/recursos/blog/benchmark-energetico-en-retail-por-que-no-todos-los-locales-deberian-medirse-igual.html,recursos/blog/benchmark-energetico-en-retail-por-que-no-todos-los-locales-deberian-medirse-igual.html,Benchmark energético en retail: por qué no todos los locales deberían medirse igual | Blog Clickie,
archivo,activa,200,https://clickie.io/recursos/blog/benchmark-energetico-multisucursal-comparar-sucursales-sin-castigar-al-local-equivocado.html,https://clickie.io/recursos/blog/benchmark-energetico-multisucursal-comparar-sucursales-sin-castigar-al-local-equivocado.html,recursos/blog/benchmark-energetico-multisucursal-comparar-sucursales-sin-castigar-al-local-equivocado.html,Benchmark energético multisucursal: cómo segmentar la red sin castigar al local equivocado | Blog Clickie,
archivo,activa,200,https://clickie.io/recursos/blog/caso-exito-oxxo-energia-chile.html,https://clickie.io/recursos/blog/caso-exito-oxxo-energia-chile.html,recursos/blog/caso-exito-oxxo-energia-chile.html,Caso de éxito: Cómo OXXO gestiona la energía de más de 230 tiendas en Chile con Clickie | Blog Clickie,
archivo,activa,200,https://clickie.io/recursos/blog/clickie-el-mercurio.html,https://clickie.io/recursos/blog/clickie-el-mercurio.html,recursos/blog/clickie-el-mercurio.html,Clickie en El Mercurio: startup que permite ahorrar hasta 20% en la cuenta de la luz | Blog Clickie,
archivo,activa,200,https://clickie.io/recursos/blog/clickie-en-la-feria-del-medio-ambiente-de-vulco-tecnologia-sostenibilidad-y-trabajo-conjunto.html,https://clickie.io/recursos/blog/clickie-en-la-feria-del-medio-ambiente-de-vulco-tecnologia-sostenibilidad-y-trabajo-conjunto.html,recursos/blog/clickie-en-la-feria-del-medio-ambiente-de-vulco-tecnologia-sostenibilidad-y-trabajo-conjunto.html,"Clickie en la Feria del Medio Ambiente de Vulco: tecnología, sostenibilidad y trabajo conjunto | Blog Clickie",
archivo,activa,200,https://clickie.io/recursos/blog/como-ahorrar-energia-en-tu-tienda-y-reducir-costos-operativos.html,https://clickie.io/recursos/blog/como-ahorrar-energia-en-tu-tienda-y-reducir-costos-operativos.html,recursos/blog/como-ahorrar-energia-en-tu-tienda-y-reducir-costos-operativos.html,Cómo ahorrar energía en tu tienda y reducir costos operativos | Blog Clickie,
archivo,activa,200,https://clickie.io/recursos/blog/como-ayuda-clickie.html,https://clickie.io/recursos/blog/como-ayuda-clickie.html,recursos/blog/como-ayuda-clickie.html,Paso a paso: ¿Cómo ayuda Clickie a las empresas a gestionar mejor su energía? | Blog Clickie,
archivo,activa,200,https://clickie.io/recursos/blog/como-grupo-tattersall-logro-eficiencia-energetica-con-clickie-un-caso-de-exito-en-sostenibilidad.html,https://clickie.io/recursos/blog/como-grupo-tattersall-logro-eficiencia-energetica-con-clickie-un-caso-de-exito-en-sostenibilidad.html,recursos/blog/como-grupo-tattersall-logro-eficiencia-energetica-con-clickie-un-caso-de-exito-en-sostenibilidad.html,Cómo Grupo Tattersall logró eficiencia energética con Clickie: un caso de éxito en sostenibilidad | Blog Clickie,
archivo,activa,200,https://clickie.io/recursos/blog/como-las-tarifas-electricas-impactan-tu-operacion-diaria-y-que-hacer-para-pagar-menos.html,https://clickie.io/recursos/blog/como-las-tarifas-electricas-impactan-tu-operacion-diaria-y-que-hacer-para-pagar-menos.html,recursos/blog/como-las-tarifas-electricas-impactan-tu-operacion-diaria-y-que-hacer-para-pagar-menos.html,Cómo las tarifas eléctricas impactan tu operación diaria (y qué hacer para pagar menos) | Blog Clickie,
archivo,activa,200,https://clickie.io/recursos/blog/como-preparar-tu-tienda-para-ahorrar-energia-este-invierno.html,https://clickie.io/recursos/blog/como-preparar-tu-tienda-para-ahorrar-energia-este-invierno.html,recursos/blog/como-preparar-tu-tienda-para-ahorrar-energia-este-invierno.html,¿Cómo preparar tu tienda para ahorrar energía este invierno? | Blog Clickie,
archivo,activa,200,https://clickie.io/recursos/blog/como-se-logran-ahorros-reales-en-locales-como-oxxo-monitoreo-de-energia-en-retail.html,https://clickie.io/recursos/blog/como-se-logran-ahorros-reales-en-locales-como-oxxo-monitoreo-de-energia-en-retail.html,recursos/blog/como-se-logran-ahorros-reales-en-locales-como-oxxo-monitoreo-de-energia-en-retail.html,¿Cómo se logran ahorros reales en locales como OXXO? Monitoreo de Energía en Retail | Blog Clickie,
archivo,activa,200,https://clickie.io/recursos/blog/como-un-buen-uso-de-la-energia-puede-transformar-tu-negocio.html,https://clickie.io/recursos/blog/como-un-buen-uso-de-la-energia-puede-transformar-tu-negocio.html,recursos/blog/como-un-buen-uso-de-la-energia-puede-transformar-tu-negocio.html,Día Mundial del Ahorro de Energía: Cómo tu empresa puede hacer la diferencia | Blog Clickie,
archivo,activa,200,https://clickie.io/recursos/blog/consumo-nocturno-retail-multisucursal.html,https://clickie.io/recursos/blog/consumo-nocturno-retail-multisucursal.html,recursos/blog/consumo-nocturno-retail-multisucursal.html,Consumo nocturno en retail multisucursal: el costo que sigue corriendo cuando el local ya cerró | Blog Clickie,
archivo,activa,200,https://clickie.io/recursos/blog/costo-confort-tiendas.html,https://clickie.io/recursos/blog/costo-confort-tiendas.html,recursos/blog/costo-confort-tiendas.html,El costo invisible del confort en tiendas por departamento | Blog Clickie,
archivo,activa,200,https://clickie.io/recursos/blog/datos-en-ahorros.html,https://clickie.io/recursos/blog/datos-en-ahorros.html,recursos/blog/datos-en-ahorros.html,Cómo en Clickie convertimos datos en ahorros de energía | Blog Clickie,
archivo,activa,200,https://clickie.io/recursos/blog/edificios-una-oportunidad-para-reducir-la-demanda-energetica-global.html,https://clickie.io/recursos/blog/edificios-una-oportunidad-para-reducir-la-demanda-energetica-global.html,recursos/blog/edificios-una-oportunidad-para-reducir-la-demanda-energetica-global.html,Edificios: Una Oportunidad para Reducir la Demanda Energética Global | Blog Clickie,
archivo,activa,200,https://clickie.io/recursos/blog/edificios-verdes-y-monitoreo-de-energia-con-clickie.html,https://clickie.io/recursos/blog/edificios-verdes-y-monitoreo-de-energia-con-clickie.html,recursos/blog/edificios-verdes-y-monitoreo-de-energia-con-clickie.html,Edificios Verdes y Monitoreo de Energía con Clickie | Blog Clickie,
archivo,activa,200,https://clickie.io/recursos/blog/el-impacto-del-aumento-de-tarifas-de-energia-electrica-en-chile.html,https://clickie.io/recursos/blog/el-impacto-del-aumento-de-tarifas-de-energia-electrica-en-chile.html,recursos/blog/el-impacto-del-aumento-de-tarifas-de-energia-electrica-en-chile.html,El Impacto del Aumento de Tarifas de Energía Eléctrica en Chile | Blog Clickie,
archivo,activa,200,https://clickie.io/recursos/blog/el-problema-no-es-el-consumo-energetico-en-retail-es-la-falta-de-decisiones.html,https://clickie.io/recursos/blog/el-problema-no-es-el-consumo-energetico-en-retail-es-la-falta-de-decisiones.html,recursos/blog/el-problema-no-es-el-consumo-energetico-en-retail-es-la-falta-de-decisiones.html,El problema no es el consumo energético en retail. Es la falta de decisiones | Blog Clickie,
archivo,activa,200,https://clickie.io/recursos/blog/el-rol-del-gestor-energetico-clave-para-la-eficiencia-y-sostenibilidad-empresarial.html,https://clickie.io/recursos/blog/el-rol-del-gestor-energetico-clave-para-la-eficiencia-y-sostenibilidad-empresarial.html,recursos/blog/el-rol-del-gestor-energetico-clave-para-la-eficiencia-y-sostenibilidad-empresarial.html,El Rol del Gestor Energético: Clave para la Eficiencia y Sostenibilidad Empresarial | Blog Clickie,
archivo,activa,200,https://clickie.io/recursos/blog/energia-datos-y-futuro-clickie-visito-la-expo-osaka-2025.html,https://clickie.io/recursos/blog/energia-datos-y-futuro-clickie-visito-la-expo-osaka-2025.html,recursos/blog/energia-datos-y-futuro-clickie-visito-la-expo-osaka-2025.html,"Energía, datos y futuro: Clickie visitó la Expo Osaka 2025 | Blog Clickie",
archivo,activa,200,https://clickie.io/recursos/blog/equipos-que-funcionan-pero-ya-estan-fallando-lo-que-la-curva-de-energia-detecta-antes-del-service.html,https://clickie.io/recursos/blog/equipos-que-funcionan-pero-ya-estan-fallando-lo-que-la-curva-de-energia-detecta-antes-del-service.html,recursos/blog/equipos-que-funcionan-pero-ya-estan-fallando-lo-que-la-curva-de-energia-detecta-antes-del-service.html,"Equipos que funcionan, pero ya están fallando: lo que la curva de energía detecta antes del service | Blog Clickie",
archivo,activa,200,https://clickie.io/recursos/blog/esg-datos-reales-trazabilidad-energia.html,https://clickie.io/recursos/blog/esg-datos-reales-trazabilidad-energia.html,recursos/blog/esg-datos-reales-trazabilidad-energia.html,"ESG con datos reales: por qué una factura no alcanza para reportar energía, agua y gas | Blog Clickie",
archivo,activa,200,https://clickie.io/recursos/blog/la-araucana-co2.html,https://clickie.io/recursos/blog/la-araucana-co2.html,recursos/blog/la-araucana-co2.html,Cómo La Araucana redujo su huella de carbono un 14% con Clickie | Blog Clickie,
archivo,activa,200,https://clickie.io/recursos/blog/la-energia-dejo-de-ser-un-gasto-conoce-como-la-energy-cloud-te-hace-ganar-control-y-eficiencia.html,https://clickie.io/recursos/blog/la-energia-dejo-de-ser-un-gasto-conoce-como-la-energy-cloud-te-hace-ganar-control-y-eficiencia.html,recursos/blog/la-energia-dejo-de-ser-un-gasto-conoce-como-la-energy-cloud-te-hace-ganar-control-y-eficiencia.html,La energía dejó de ser un gasto. Conoce cómo la Energy Cloud te hace ganar control y eficiencia. | Blog Clickie,
archivo,activa,200,https://clickie.io/recursos/blog/la-hora-del-planeta-mas-que-apagar-las-luces.html,https://clickie.io/recursos/blog/la-hora-del-planeta-mas-que-apagar-las-luces.html,recursos/blog/la-hora-del-planeta-mas-que-apagar-las-luces.html,La Hora del Planeta: Más que apagar las luces | Blog Clickie,
archivo,activa,200,https://clickie.io/recursos/blog/las-empresas-consumidoras-de-energia-estan-cambiando-las-reglas-del-juego-en-el-sector-energetico-entrevista-a-marcelo-llevenes-ceo-de-clickie.html,https://clickie.io/recursos/blog/las-empresas-consumidoras-de-energia-estan-cambiando-las-reglas-del-juego-en-el-sector-energetico-entrevista-a-marcelo-llevenes-ceo-de-clickie.html,recursos/blog/las-empresas-consumidoras-de-energia-estan-cambiando-las-reglas-del-juego-en-el-sector-energetico-entrevista-a-marcelo-llevenes-ceo-de-clickie.html,"Entrevista a Marcelo Llévenes, CEO de Clickie | Blog Clickie",
archivo,activa,200,https://clickie.io/recursos/blog/los-4-errores-que-esconde-una-factura-electrica-de-retail.html,https://clickie.io/recursos/blog/los-4-errores-que-esconde-una-factura-electrica-de-retail.html,recursos/blog/los-4-errores-que-esconde-una-factura-electrica-de-retail.html,Los 4 errores que esconde una factura eléctrica de retail | Blog Clickie,
archivo,activa,200,https://clickie.io/recursos/blog/los-impulsores-del-cambio-energetico-clientes-mas-exigentes-datos-mas-valiosos-y-un-sistema-mas-descentralizado.html,https://clickie.io/recursos/blog/los-impulsores-del-cambio-energetico-clientes-mas-exigentes-datos-mas-valiosos-y-un-sistema-mas-descentralizado.html,recursos/blog/los-impulsores-del-cambio-energetico-clientes-mas-exigentes-datos-mas-valiosos-y-un-sistema-mas-descentralizado.html,"Los impulsores del cambio energético: clientes más exigentes, datos más valiosos y un sistema más descentralizado | Blog Clickie",
archivo,activa,200,https://clickie.io/recursos/blog/mide-lo-que-realmente-importa-optimizacion-datos-y-eficiencia-al-alcance-de-tu-linea-de-produccion.html,https://clickie.io/recursos/blog/mide-lo-que-realmente-importa-optimizacion-datos-y-eficiencia-al-alcance-de-tu-linea-de-produccion.html,recursos/blog/mide-lo-que-realmente-importa-optimizacion-datos-y-eficiencia-al-alcance-de-tu-linea-de-produccion.html,"Mide lo que realmente importa: Optimización, datos y eficiencia al alcance de tu línea de producción | Blog Clickie",
archivo,activa,200,https://clickie.io/recursos/blog/monitoreo-de-agua.html,https://clickie.io/recursos/blog/monitoreo-de-agua.html,recursos/blog/monitoreo-de-agua.html,Monitoreo de Agua para un Reciclado Eficiente y Cumplimiento con la DGA | Blog Clickie,
archivo,activa,200,https://clickie.io/recursos/blog/nuevo-aumento-en-el-precio-de-la-electricidad-a-partir-de-julio-2025.html,https://clickie.io/recursos/blog/nuevo-aumento-en-el-precio-de-la-electricidad-a-partir-de-julio-2025.html,recursos/blog/nuevo-aumento-en-el-precio-de-la-electricidad-a-partir-de-julio-2025.html,Nuevo aumento en el precio de la electricidad a partir de julio de 2025 | Blog Clickie,
archivo,activa,200,https://clickie.io/recursos/blog/optimiza-tu-operacion-diaria-cada-decision-energetica-cuenta.html,https://clickie.io/recursos/blog/optimiza-tu-operacion-diaria-cada-decision-energetica-cuenta.html,recursos/blog/optimiza-tu-operacion-diaria-cada-decision-energetica-cuenta.html,Optimiza tu operación diaria: cada decisión energética cuenta | Blog Clickie,
archivo,activa,200,https://clickie.io/recursos/blog/piloto-de-avion-y-no-medico-forense-la-diferencia-de-hacer-gestion-energetica-con-datos-pasados-vs-datos-en-linea.html,https://clickie.io/recursos/blog/piloto-de-avion-y-no-medico-forense-la-diferencia-de-hacer-gestion-energetica-con-datos-pasados-vs-datos-en-linea.html,recursos/blog/piloto-de-avion-y-no-medico-forense-la-diferencia-de-hacer-gestion-energetica-con-datos-pasados-vs-datos-en-linea.html,Piloto de Avión y No Médico Forense: La Diferencia de Hacer Gestión Energética con Datos Pasados vs. Datos en Línea | Blog Clickie,
archivo,activa,200,https://clickie.io/recursos/blog/potencia-tu-empresa-con-clickie-una-solucion-integral-para-la-gestion-energetica.html,https://clickie.io/recursos/blog/potencia-tu-empresa-con-clickie-una-solucion-integral-para-la-gestion-energetica.html,recursos/blog/potencia-tu-empresa-con-clickie-una-solucion-integral-para-la-gestion-energetica.html,Potencia tu Empresa con Clickie: Una Solución Integral para la Gestión Energética | Blog Clickie,
archivo,activa,200,https://clickie.io/recursos/blog/presupuesto-energetico-no-es-un-bloque-fijo.html,https://clickie.io/recursos/blog/presupuesto-energetico-no-es-un-bloque-fijo.html,recursos/blog/presupuesto-energetico-no-es-un-bloque-fijo.html,Tu presupuesto energético no es un bloque fijo: por qué romper la estimación lineal evita sorpresas | Blog Clickie,
archivo,activa,200,https://clickie.io/recursos/blog/primer-trimestre-del-ano-como-medir-y-mejorar-tu-gestion-energetica.html,https://clickie.io/recursos/blog/primer-trimestre-del-ano-como-medir-y-mejorar-tu-gestion-energetica.html,recursos/blog/primer-trimestre-del-ano-como-medir-y-mejorar-tu-gestion-energetica.html,Primer trimestre del año: ¿Cómo medir y mejorar tu gestión energética? | Blog Clickie,
archivo,activa,200,https://clickie.io/recursos/blog/prorrateos-a-ciegas-la-ineficiencia-energetica-que-los-centros-comerciales-mall.html,https://clickie.io/recursos/blog/prorrateos-a-ciegas-la-ineficiencia-energetica-que-los-centros-comerciales-mall.html,recursos/blog/prorrateos-a-ciegas-la-ineficiencia-energetica-que-los-centros-comerciales-mall.html,Prorrateos con baja visibilidad: cómo identificar desvíos energéticos en locales dentro de centros comerciales | Blog Clickie,
archivo,activa,200,https://clickie.io/recursos/blog/que-hacen-distinto-los-lideres-en-sostenibilidad.html,https://clickie.io/recursos/blog/que-hacen-distinto-los-lideres-en-sostenibilidad.html,recursos/blog/que-hacen-distinto-los-lideres-en-sostenibilidad.html,Qué hacen distinto los líderes en sostenibilidad | Blog Clickie,
archivo,activa,200,https://clickie.io/recursos/blog/que-significa-una-inflacion-energetica-de-0-para-las-empresas-en-america-latina.html,https://clickie.io/recursos/blog/que-significa-una-inflacion-energetica-de-0-para-las-empresas-en-america-latina.html,recursos/blog/que-significa-una-inflacion-energetica-de-0-para-las-empresas-en-america-latina.html,¿Qué significa una inflación energética de 0% para las empresas en América Latina? | Blog Clickie,
archivo,activa,200,https://clickie.io/recursos/blog/que-va-a-pasar-con-tu-factura-electrica-en-2026.html,https://clickie.io/recursos/blog/que-va-a-pasar-con-tu-factura-electrica-en-2026.html,recursos/blog/que-va-a-pasar-con-tu-factura-electrica-en-2026.html,¿Qué va a pasar con tu factura eléctrica en 2026? | Blog Clickie,
archivo,activa,200,https://clickie.io/recursos/blog/remarcacion-submetering.html,https://clickie.io/recursos/blog/remarcacion-submetering.html,recursos/blog/remarcacion-submetering.html,"Remarcación y Submetering: lo que no mides, lo subsidias | Blog Clickie",
archivo,activa,200,https://clickie.io/recursos/blog/sabes-cuanto-impacto-positivo-esta-generando-tu-empresa.html,https://clickie.io/recursos/blog/sabes-cuanto-impacto-positivo-esta-generando-tu-empresa.html,recursos/blog/sabes-cuanto-impacto-positivo-esta-generando-tu-empresa.html,¿Sabes cuánto impacto positivo está generando tu empresa? | Blog Clickie,
archivo,activa,200,https://clickie.io/recursos/blog/sabias-que-puedes-usar-tus-datos-del-coordinador-electrico-en-la-plataforma-clickie.html,https://clickie.io/recursos/blog/sabias-que-puedes-usar-tus-datos-del-coordinador-electrico-en-la-plataforma-clickie.html,recursos/blog/sabias-que-puedes-usar-tus-datos-del-coordinador-electrico-en-la-plataforma-clickie.html,¿Sabías que puedes usar tus datos del Coordinador Eléctrico en la Plataforma Clickie? | Blog Clickie,
archivo,activa,200,https://clickie.io/recursos/blog/starbucks-clickie.html,https://clickie.io/recursos/blog/starbucks-clickie.html,recursos/blog/starbucks-clickie.html,Starbucks ahorra energía junto a Clickie | Blog Clickie,
archivo,activa,200,https://clickie.io/recursos/blog/supermercados-energia.html,https://clickie.io/recursos/blog/supermercados-energia.html,recursos/blog/supermercados-energia.html,Supermercados 24/7: el margen se protege gestionando la energía | Blog Clickie,
archivo,activa,200,https://clickie.io/recursos/blog/tarifa-electrica-operacion-real.html,https://clickie.io/recursos/blog/tarifa-electrica-operacion-real.html,recursos/blog/tarifa-electrica-operacion-real.html,Cómo saber si tu tarifa eléctrica dejó de calzar con tu operación | Blog Clickie,
archivo,activa,200,https://clickie.io/recursos/blog/tienes-datos-de-tu-consumo-de-energia-ahora-usalos-para-tomar-decisiones-reales.html,https://clickie.io/recursos/blog/tienes-datos-de-tu-consumo-de-energia-ahora-usalos-para-tomar-decisiones-reales.html,recursos/blog/tienes-datos-de-tu-consumo-de-energia-ahora-usalos-para-tomar-decisiones-reales.html,¿Tienes datos de tu consumo de energía? Ahora úsalos para tomar decisiones reales | Blog Clickie,
archivo,activa,200,https://clickie.io/recursos/blog/transformar-datos-en-ahorros-asi-reduces-tus-costos-energeticos.html,https://clickie.io/recursos/blog/transformar-datos-en-ahorros-asi-reduces-tus-costos-energeticos.html,recursos/blog/transformar-datos-en-ahorros-asi-reduces-tus-costos-energeticos.html,Transformar datos en ahorros: así reduces tus costos energéticos | Blog Clickie,
archivo,activa,200,https://clickie.io/recursos/blog/transicion-energetica.html,https://clickie.io/recursos/blog/transicion-energetica.html,recursos/blog/transicion-energetica.html,La transición energética como oportunidad de crecimiento | Blog Clickie,
archivo,activa,200,https://clickie.io/recursos/blog/verdantix-smart-innovators-2025-que-cambio-en-el-ems-moderno.html,https://clickie.io/recursos/blog/verdantix-smart-innovators-2025-que-cambio-en-el-ems-moderno.html,recursos/blog/verdantix-smart-innovators-2025-que-cambio-en-el-ems-moderno.html,Verdantix Smart Innovators 2025: qué cambió en el EMS moderno | Blog Clickie,
archivo,activa,200,https://clickie.io/recursos/casos-de-exito.html,https://clickie.io/recursos/casos-de-exito.html,recursos/casos-de-exito.html,Casos de Éxito — Clickie,
archivo,activa,200,https://clickie.io/recursos/casos-de-negocio.html,https://clickie.io/recursos/casos-de-negocio.html,recursos/casos-de-negocio.html,Casos de Negocio por Rubro — Clickie,
archivo,activa,200,https://clickie.io/recursos/encuesta-madurez.html,https://clickie.io/recursos/encuesta-madurez.html,recursos/encuesta-madurez.html,Encuesta de Madurez Energética — Clickie,
archivo,activa,200,https://clickie.io/recursos/guia-cafeterias.html,https://clickie.io/recursos/guia-cafeterias.html,recursos/guia-cafeterias.html,Eficiencia Energética en Cafeterías — Guía Clickie,
archivo,activa,200,https://clickie.io/recursos/guia-tarifas-electricas.html,https://clickie.io/recursos/guia-tarifas-electricas.html,recursos/guia-tarifas-electricas.html,Guía de Tarifas Eléctricas para Empresas en Chile — Guía Clickie,
archivo,activa,200,https://clickie.io/recursos/guia-tiendas.html,https://clickie.io/recursos/guia-tiendas.html,recursos/guia-tiendas.html,Eficiencia Energética en Tiendas por Departamento — Guía Clickie,
archivo,activa,200,https://clickie.io/recursos/guias.html,https://clickie.io/recursos/guias.html,recursos/guias.html,Guías de Ahorro Energético — Clickie,
archivo,activa,200,https://clickie.io/reportes/alsea-mexico/,https://clickie.io/reportes/alsea-mexico/,reportes/alsea-mexico/index.html,Reporte de Ahorros — Clickie,
archivo,activa,200,https://clickie.io/reportes/caso-de-negocio-mexico/,https://clickie.io/reportes/caso-de-negocio-mexico/,reportes/caso-de-negocio-mexico/index.html,Caso de Negocio México — Clickie,
archivo,activa,200,https://clickie.io/reportes/smu-grados-dia/,https://clickie.io/reportes/smu-grados-dia/,reportes/smu-grados-dia/index.html,Análisis Grados Día — Clickie,
archivo,activa,200,https://clickie.io/servicios/bms.html,https://clickie.io/servicios/bms.html,servicios/bms.html,BMS – Control Inteligente de Instalaciones — Clickie,
archivo,activa,200,https://clickie.io/servicios/eficiencia-energetica.html,https://clickie.io/servicios/eficiencia-energetica.html,servicios/eficiencia-energetica.html,Eficiencia Energética Industrial — Clickie,
archivo,activa,200,https://clickie.io/servicios/ems.html,https://clickie.io/servicios/ems.html,servicios/ems.html,Energy Management System (EMS) — Clickie,
archivo,activa,200,https://clickie.io/servicios/gestion-hidrica.html,https://clickie.io/servicios/gestion-hidrica.html,servicios/gestion-hidrica.html,Gestión Hídrica — Clickie,
archivo,activa,200,https://clickie.io/servicios/gestion-retail.html,https://clickie.io/servicios/gestion-retail.html,servicios/gestion-retail.html,Gestión de Energía en Retail — Clickie,
archivo,activa,200,https://clickie.io/servicios/remarcacion.html,https://clickie.io/servicios/remarcacion.html,servicios/remarcacion.html,Remarcación y Submetering — Clickie,
archivo,activa,200,https://clickie.io/servicios/ubm.html,https://clickie.io/servicios/ubm.html,servicios/ubm.html,UBM: Gestión de facturas — Clickie,
archivo,error,404,https://clickie.io/404.html,scripts/legacy-redirects.js,404.html,Redirigiendo a Clickie,Página de error con fallback JS para URLs antiguas.
legacy-map-exact,redireccionada,legacy,https://clickie.io/-temporary-slug-2451f5da-5928-4bec-83bf-ba8169e009ad,https://clickie.io/recursos/blog.html,scripts/legacy-redirects.js,,Regla exacta atendida por 404 fallback.
legacy-map-exact,redireccionada,legacy,https://clickie.io/-temporary-slug-2451f5da-5928-4bec-83bf-ba8169e009ad.html,https://clickie.io/recursos/blog.html,scripts/legacy-redirects.js,,Regla exacta atendida por 404 fallback.
legacy-map-exact,redireccionada,legacy,https://clickie.io/-temporary-slug-2451f5da-5928-4bec-83bf-ba8169e009ad/,https://clickie.io/recursos/blog.html,scripts/legacy-redirects.js,,Regla exacta atendida por 404 fallback.
legacy-map-exact,redireccionada,legacy,https://clickie.io/-temporary-slug-332fd0ab-79e4-4dde-b554-2b82f3a2ab65,https://clickie.io/recursos/blog.html,scripts/legacy-redirects.js,,Regla exacta atendida por 404 fallback.
legacy-map-exact,redireccionada,legacy,https://clickie.io/-temporary-slug-332fd0ab-79e4-4dde-b554-2b82f3a2ab65.html,https://clickie.io/recursos/blog.html,scripts/legacy-redirects.js,,Regla exacta atendida por 404 fallback.
legacy-map-exact,redireccionada,legacy,https://clickie.io/-temporary-slug-332fd0ab-79e4-4dde-b554-2b82f3a2ab65/,https://clickie.io/recursos/blog.html,scripts/legacy-redirects.js,,Regla exacta atendida por 404 fallback.
legacy-map-exact,redireccionada,legacy,https://clickie.io/-temporary-slug-c0e8915f-65c1-479e-8b4e-3c199f16bd53,https://clickie.io/recursos/blog.html,scripts/legacy-redirects.js,,Regla exacta atendida por 404 fallback.
legacy-map-exact,redireccionada,legacy,https://clickie.io/-temporary-slug-c0e8915f-65c1-479e-8b4e-3c199f16bd53.html,https://clickie.io/recursos/blog.html,scripts/legacy-redirects.js,,Regla exacta atendida por 404 fallback.
legacy-map-exact,redireccionada,legacy,https://clickie.io/-temporary-slug-c0e8915f-65c1-479e-8b4e-3c199f16bd53/,https://clickie.io/recursos/blog.html,scripts/legacy-redirects.js,,Regla exacta atendida por 404 fallback.
legacy-map-exact,redireccionada,legacy,https://clickie.io/-temporary-slug-df792f87-bb9a-47ca-9249-af5ea19a4caf,https://clickie.io/recursos/blog.html,scripts/legacy-redirects.js,,Regla exacta atendida por 404 fallback.
legacy-map-exact,redireccionada,legacy,https://clickie.io/-temporary-slug-df792f87-bb9a-47ca-9249-af5ea19a4caf.html,https://clickie.io/recursos/blog.html,scripts/legacy-redirects.js,,Regla exacta atendida por 404 fallback.
legacy-map-exact,redireccionada,legacy,https://clickie.io/-temporary-slug-df792f87-bb9a-47ca-9249-af5ea19a4caf/,https://clickie.io/recursos/blog.html,scripts/legacy-redirects.js,,Regla exacta atendida por 404 fallback.
legacy-map-normalized,redireccionada,legacy,https://clickie.io/5-errores-comunes-en-la-gestion-energetica-y-como-solucionarlos,https://clickie.io/recursos/blog/5-errores-gestion-energetica.html,scripts/legacy-redirects.js,,"Patrón normalizado; captura variantes con acentos, mayúsculas, guiones y .html."
archivo,redireccionada,legacy,https://clickie.io/5-errores-comunes-en-la-gestión-energética-y-cómo-solucionarlos/,https://clickie.io/recursos/blog/5-errores-gestion-energetica.html,5-errores-comunes-en-la-gestión-energética-y-cómo-solucionarlos/index.html,Redirigiendo a Clickie,Stub legacy con meta refresh y window.location.replace.
legacy-map-normalized,redireccionada,legacy,https://clickie.io/5-niveles-de-madurez-en-la-gestion-energetica,https://clickie.io/recursos/blog/5-niveles-de-madurez-en-la-gestion-energetica.html,scripts/legacy-redirects.js,,"Patrón normalizado; captura variantes con acentos, mayúsculas, guiones y .html."
archivo,redireccionada,legacy,https://clickie.io/5-niveles-de-madurez-en-la-gestión-energética-⚡️/,https://clickie.io/recursos/blog/5-niveles-de-madurez-en-la-gestion-energetica.html,5-niveles-de-madurez-en-la-gestión-energética-⚡️/index.html,Redirigiendo a Clickie,Stub legacy con meta refresh y window.location.replace.
legacy-map-normalized,redireccionada,legacy,https://clickie.io/aqui-van-algunas-mezclas-el-alza-de-julio-carga-el-84-al-sector-comercial-esta-tu-operacion-lista,https://clickie.io/recursos/blog/aqui-van-algunas-mezclas-el-alza-de-julio-carga-el-84-al-sector-comercial-esta-tu-operacion-lista.html,scripts/legacy-redirects.js,,"Patrón normalizado; captura variantes con acentos, mayúsculas, guiones y .html."
archivo,redireccionada,legacy,https://clickie.io/aquí-van-algunas-mezclas-el-alza-de-julio-carga-el-84-al-sector-comercial-está-tu-operación-lista/,https://clickie.io/recursos/blog/aqui-van-algunas-mezclas-el-alza-de-julio-carga-el-84-al-sector-comercial-esta-tu-operacion-lista.html,aquí-van-algunas-mezclas-el-alza-de-julio-carga-el-84-al-sector-comercial-está-tu-operación-lista/index.html,Redirigiendo a Clickie,Stub legacy con meta refresh y window.location.replace.
legacy-map-normalized,redireccionada,legacy,https://clickie.io/asi-monitoreamos-la-energia-en-la-industria-que-son-los-gemelos-digitales,https://clickie.io/recursos/blog/asi-monitoreamos-la-energia-en-la-industria-que-son-los-gemelos-digitales.html,scripts/legacy-redirects.js,,"Patrón normalizado; captura variantes con acentos, mayúsculas, guiones y .html."
archivo,redireccionada,legacy,https://clickie.io/así-monitoreamos-la-energía-en-la-industria-qué-son-los-gemelos-digitales/,https://clickie.io/recursos/blog/asi-monitoreamos-la-energia-en-la-industria-que-son-los-gemelos-digitales.html,así-monitoreamos-la-energía-en-la-industria-qué-son-los-gemelos-digitales/index.html,Redirigiendo a Clickie,Stub legacy con meta refresh y window.location.replace.
legacy-map-prefix,redireccionada,legacy,https://clickie.io/author/*,https://clickie.io/recursos/blog.html,scripts/legacy-redirects.js,,Prefijo legacy cubierto por 404 fallback.
legacy-map-exact,redireccionada,legacy,https://clickie.io/author/equipo-clickie,https://clickie.io/recursos/blog.html,scripts/legacy-redirects.js,,Regla exacta atendida por 404 fallback.
archivo,redireccionada,legacy,https://clickie.io/author/equipo-clickie/,https://clickie.io/recursos/blog.html,author/equipo-clickie/index.html,Redirigiendo a Clickie,Stub legacy con meta refresh y window.location.replace.
legacy-map-exact,redireccionada,legacy,https://clickie.io/author/equipo-clickie/,https://clickie.io/recursos/blog.html,scripts/legacy-redirects.js,,Regla exacta atendida por 404 fallback.
legacy-map-normalized,redireccionada,legacy,https://clickie.io/benchmark-energetico-en-retail-por-que-no-todos-los-locales-deberian-medirse-igual,https://clickie.io/recursos/blog/benchmark-energetico-en-retail-por-que-no-todos-los-locales-deberian-medirse-igual.html,scripts/legacy-redirects.js,,"Patrón normalizado; captura variantes con acentos, mayúsculas, guiones y .html."
archivo,redireccionada,legacy,https://clickie.io/benchmark-energético-en-retail-por-qué-no-todos-los-locales-deberían-medirse-igual/,https://clickie.io/recursos/blog/benchmark-energetico-en-retail-por-que-no-todos-los-locales-deberian-medirse-igual.html,benchmark-energético-en-retail-por-qué-no-todos-los-locales-deberían-medirse-igual/index.html,Redirigiendo a Clickie,Stub legacy con meta refresh y window.location.replace.
legacy-map-exact,redireccionada,legacy,https://clickie.io/blog,https://clickie.io/recursos/blog.html,scripts/legacy-redirects.js,,Regla exacta atendida por 404 fallback.
archivo,redireccionada,legacy,https://clickie.io/blog.html,https://clickie.io/recursos/blog.html,blog.html,Redirigiendo a Clickie,Stub legacy con meta refresh y window.location.replace.
legacy-map-exact,redireccionada,legacy,https://clickie.io/blog.html,https://clickie.io/recursos/blog.html,scripts/legacy-redirects.js,,Regla exacta atendida por 404 fallback.
archivo,redireccionada,legacy,https://clickie.io/blog/,https://clickie.io/recursos/blog.html,blog/index.html,Redirigiendo a Clickie,Stub legacy con meta refresh y window.location.replace.
legacy-map-exact,redireccionada,legacy,https://clickie.io/blog/,https://clickie.io/recursos/blog.html,scripts/legacy-redirects.js,,Regla exacta atendida por 404 fallback.
legacy-map-normalized,redireccionada,legacy,https://clickie.io/caso-de-exito-como-oxxo-gestiona-la-energia-de-mas-de-230-tiendas-en-chile-con-clickie,https://clickie.io/recursos/blog/caso-exito-oxxo-energia-chile.html,scripts/legacy-redirects.js,,"Patrón normalizado; captura variantes con acentos, mayúsculas, guiones y .html."
archivo,redireccionada,legacy,https://clickie.io/caso-de-éxito-cómo-oxxo-gestiona-la-energía-de-más-de-230-tiendas-en-chile-con-clickie/,https://clickie.io/recursos/blog/caso-exito-oxxo-energia-chile.html,caso-de-éxito-cómo-oxxo-gestiona-la-energía-de-más-de-230-tiendas-en-chile-con-clickie/index.html,Redirigiendo a Clickie,Stub legacy con meta refresh y window.location.replace.
legacy-map-normalized,redireccionada,legacy,https://clickie.io/clickie-en-el-diario-el-mercurio-startup-crea-plataforma-que-permite-a-empresas-ahorrar-hasta-20-en-cuenta-de-la-luz,https://clickie.io/recursos/blog/clickie-el-mercurio.html,scripts/legacy-redirects.js,,"Patrón normalizado; captura variantes con acentos, mayúsculas, guiones y .html."
archivo,redireccionada,legacy,https://clickie.io/clickie-en-el-diario-el-mercurio-startup-crea-plataforma-que-permite-a-empresas-ahorrar-hasta-20-en-cuenta-de-la-luz/,https://clickie.io/recursos/blog/clickie-el-mercurio.html,clickie-en-el-diario-el-mercurio-startup-crea-plataforma-que-permite-a-empresas-ahorrar-hasta-20-en-cuenta-de-la-luz/index.html,Redirigiendo a Clickie,Stub legacy con meta refresh y window.location.replace.
legacy-map-normalized,redireccionada,legacy,https://clickie.io/clickie-en-la-feria-del-medio-ambiente-de-vulco-tecnologia-sostenibilidad-y-trabajo-conjunto,https://clickie.io/recursos/blog/clickie-en-la-feria-del-medio-ambiente-de-vulco-tecnologia-sostenibilidad-y-trabajo-conjunto.html,scripts/legacy-redirects.js,,"Patrón normalizado; captura variantes con acentos, mayúsculas, guiones y .html."
archivo,redireccionada,legacy,https://clickie.io/clickie-en-la-feria-del-medio-ambiente-de-vulco-tecnología-sostenibilidad-y-trabajo-conjunto/,https://clickie.io/recursos/blog/clickie-en-la-feria-del-medio-ambiente-de-vulco-tecnologia-sostenibilidad-y-trabajo-conjunto.html,clickie-en-la-feria-del-medio-ambiente-de-vulco-tecnología-sostenibilidad-y-trabajo-conjunto/index.html,Redirigiendo a Clickie,Stub legacy con meta refresh y window.location.replace.
legacy-map-normalized,redireccionada,legacy,https://clickie.io/como-ahorrar-energia-en-tu-tienda-y-reducir-costos-operativos,https://clickie.io/recursos/blog/como-ahorrar-energia-en-tu-tienda-y-reducir-costos-operativos.html,scripts/legacy-redirects.js,,"Patrón normalizado; captura variantes con acentos, mayúsculas, guiones y .html."
archivo,redireccionada,legacy,https://clickie.io/cómo-ahorrar-energía-en-tu-tienda-y-reducir-costos-operativos/,https://clickie.io/recursos/blog/como-ahorrar-energia-en-tu-tienda-y-reducir-costos-operativos.html,cómo-ahorrar-energía-en-tu-tienda-y-reducir-costos-operativos/index.html,Redirigiendo a Clickie,Stub legacy con meta refresh y window.location.replace.
legacy-map-normalized,redireccionada,legacy,https://clickie.io/como-en-clickie-convertimos-datos-en-ahorros-de-energia,https://clickie.io/recursos/blog/datos-en-ahorros.html,scripts/legacy-redirects.js,,"Patrón normalizado; captura variantes con acentos, mayúsculas, guiones y .html."
archivo,redireccionada,legacy,https://clickie.io/cómo-en-clickie-convertimos-datos-en-ahorros-de-energía/,https://clickie.io/recursos/blog/datos-en-ahorros.html,cómo-en-clickie-convertimos-datos-en-ahorros-de-energía/index.html,Redirigiendo a Clickie,Stub legacy con meta refresh y window.location.replace.
legacy-map-normalized,redireccionada,legacy,https://clickie.io/como-grupo-tattersall-logro-eficiencia-energetica-con-clickie-un-caso-de-exito-en-sostenibilidad,https://clickie.io/recursos/blog/como-grupo-tattersall-logro-eficiencia-energetica-con-clickie-un-caso-de-exito-en-sostenibilidad.html,scripts/legacy-redirects.js,,"Patrón normalizado; captura variantes con acentos, mayúsculas, guiones y .html."
archivo,redireccionada,legacy,https://clickie.io/cómo-grupo-tattersall-logró-eficiencia-energética-con-clickie-un-caso-de-éxito-en-sostenibilidad/,https://clickie.io/recursos/blog/como-grupo-tattersall-logro-eficiencia-energetica-con-clickie-un-caso-de-exito-en-sostenibilidad.html,cómo-grupo-tattersall-logró-eficiencia-energética-con-clickie-un-caso-de-éxito-en-sostenibilidad/index.html,Redirigiendo a Clickie,Stub legacy con meta refresh y window.location.replace.
legacy-map-normalized,redireccionada,legacy,https://clickie.io/como-la-araucana-redujo-su-huella-de-carbono-un-14-con-clickie,https://clickie.io/recursos/blog/la-araucana-co2.html,scripts/legacy-redirects.js,,"Patrón normalizado; captura variantes con acentos, mayúsculas, guiones y .html."
archivo,redireccionada,legacy,https://clickie.io/cómo-la-araucana-redujo-su-huella-de-carbono-un-14-con-clickie/,https://clickie.io/recursos/blog/la-araucana-co2.html,cómo-la-araucana-redujo-su-huella-de-carbono-un-14-con-clickie/index.html,Redirigiendo a Clickie,Stub legacy con meta refresh y window.location.replace.
legacy-map-normalized,redireccionada,legacy,https://clickie.io/como-las-tarifas-electricas-impactan-tu-operacion-diaria-y-que-hacer-para-pagar-menos,https://clickie.io/recursos/blog/como-las-tarifas-electricas-impactan-tu-operacion-diaria-y-que-hacer-para-pagar-menos.html,scripts/legacy-redirects.js,,"Patrón normalizado; captura variantes con acentos, mayúsculas, guiones y .html."
archivo,redireccionada,legacy,https://clickie.io/cómo-las-tarifas-eléctricas-impactan-tu-operación-diaria-y-qué-hacer-para-pagar-menos/,https://clickie.io/recursos/blog/como-las-tarifas-electricas-impactan-tu-operacion-diaria-y-que-hacer-para-pagar-menos.html,cómo-las-tarifas-eléctricas-impactan-tu-operación-diaria-y-qué-hacer-para-pagar-menos/index.html,Redirigiendo a Clickie,Stub legacy con meta refresh y window.location.replace.
legacy-map-normalized,redireccionada,legacy,https://clickie.io/como-preparar-tu-tienda-para-ahorrar-energia-este-invierno,https://clickie.io/recursos/blog/como-preparar-tu-tienda-para-ahorrar-energia-este-invierno.html,scripts/legacy-redirects.js,,"Patrón normalizado; captura variantes con acentos, mayúsculas, guiones y .html."
archivo,redireccionada,legacy,https://clickie.io/cómo-preparar-tu-tienda-para-ahorrar-energía-este-invierno/,https://clickie.io/recursos/blog/como-preparar-tu-tienda-para-ahorrar-energia-este-invierno.html,cómo-preparar-tu-tienda-para-ahorrar-energía-este-invierno/index.html,Redirigiendo a Clickie,Stub legacy con meta refresh y window.location.replace.
legacy-map-normalized,redireccionada,legacy,https://clickie.io/como-prepararte-para-el-alza-tarifaria-de-julio-2026-impacto-del-10-a-los-retailers-multisucursal,https://clickie.io/recursos/blog/alza-tarifaria-julio-2026-retailers-multisucursal.html,scripts/legacy-redirects.js,,"Patrón normalizado; captura variantes con acentos, mayúsculas, guiones y .html."
archivo,redireccionada,legacy,https://clickie.io/como-prepararte-para-el-alza-tarifaria-de-julio-2026-impacto-del-10-a-los-retailers-multisucursal/,https://clickie.io/recursos/blog/alza-tarifaria-julio-2026-retailers-multisucursal.html,como-prepararte-para-el-alza-tarifaria-de-julio-2026-impacto-del-10-a-los-retailers-multisucursal/index.html,Redirigiendo a Clickie,Stub legacy con meta refresh y window.location.replace.
legacy-map-normalized,redireccionada,legacy,https://clickie.io/como-se-logran-ahorros-reales-en-locales-como-oxxo-monitoreo-de-energia-en-retail,https://clickie.io/recursos/blog/como-se-logran-ahorros-reales-en-locales-como-oxxo-monitoreo-de-energia-en-retail.html,scripts/legacy-redirects.js,,"Patrón normalizado; captura variantes con acentos, mayúsculas, guiones y .html."
archivo,redireccionada,legacy,https://clickie.io/cómo-se-logran-ahorros-reales-en-locales-como-oxxo-monitoreo-de-energía-en-retail/,https://clickie.io/recursos/blog/como-se-logran-ahorros-reales-en-locales-como-oxxo-monitoreo-de-energia-en-retail.html,cómo-se-logran-ahorros-reales-en-locales-como-oxxo-monitoreo-de-energía-en-retail/index.html,Redirigiendo a Clickie,Stub legacy con meta refresh y window.location.replace.
legacy-map-normalized,redireccionada,legacy,https://clickie.io/como-un-buen-uso-de-la-energia-puede-transformar-tu-negocio,https://clickie.io/recursos/blog/como-un-buen-uso-de-la-energia-puede-transformar-tu-negocio.html,scripts/legacy-redirects.js,,"Patrón normalizado; captura variantes con acentos, mayúsculas, guiones y .html."
archivo,redireccionada,legacy,https://clickie.io/cómo-un-buen-uso-de-la-energía-puede-transformar-tu-negocio/,https://clickie.io/recursos/blog/como-un-buen-uso-de-la-energia-puede-transformar-tu-negocio.html,cómo-un-buen-uso-de-la-energía-puede-transformar-tu-negocio/index.html,Redirigiendo a Clickie,Stub legacy con meta refresh y window.location.replace.
legacy-map-normalized,redireccionada,legacy,https://clickie.io/consumo-nocturno-retail-multisucursal,https://clickie.io/recursos/blog/consumo-nocturno-retail-multisucursal.html,scripts/legacy-redirects.js,,"Patrón normalizado; captura variantes con acentos, mayúsculas, guiones y .html."
archivo,redireccionada,legacy,https://clickie.io/consumo-nocturno-retail-multisucursal/,https://clickie.io/recursos/blog/consumo-nocturno-retail-multisucursal.html,consumo-nocturno-retail-multisucursal/index.html,Redirigiendo a Clickie,Stub legacy con meta refresh y window.location.replace.
legacy-map-normalized,redireccionada,legacy,https://clickie.io/edificios-una-oportunidad-para-reducir-la-demanda-energetica-global,https://clickie.io/recursos/blog/edificios-una-oportunidad-para-reducir-la-demanda-energetica-global.html,scripts/legacy-redirects.js,,"Patrón normalizado; captura variantes con acentos, mayúsculas, guiones y .html."
archivo,redireccionada,legacy,https://clickie.io/edificios-una-oportunidad-para-reducir-la-demanda-energética-global/,https://clickie.io/recursos/blog/edificios-una-oportunidad-para-reducir-la-demanda-energetica-global.html,edificios-una-oportunidad-para-reducir-la-demanda-energética-global/index.html,Redirigiendo a Clickie,Stub legacy con meta refresh y window.location.replace.
legacy-map-normalized,redireccionada,legacy,https://clickie.io/edificios-verdes-y-monitoreo-de-energia-con-clickie,https://clickie.io/recursos/blog/edificios-verdes-y-monitoreo-de-energia-con-clickie.html,scripts/legacy-redirects.js,,"Patrón normalizado; captura variantes con acentos, mayúsculas, guiones y .html."
archivo,redireccionada,legacy,https://clickie.io/edificios-verdes-y-monitoreo-de-energía-con-clickie/,https://clickie.io/recursos/blog/edificios-verdes-y-monitoreo-de-energia-con-clickie.html,edificios-verdes-y-monitoreo-de-energía-con-clickie/index.html,Redirigiendo a Clickie,Stub legacy con meta refresh y window.location.replace.
legacy-map-normalized,redireccionada,legacy,https://clickie.io/el-costo-invisible-del-confort-en-tiendas-por-departamento,https://clickie.io/recursos/blog/costo-confort-tiendas.html,scripts/legacy-redirects.js,,"Patrón normalizado; captura variantes con acentos, mayúsculas, guiones y .html."
archivo,redireccionada,legacy,https://clickie.io/el-costo-invisible-del-confort-en-tiendas-por-departamento/,https://clickie.io/recursos/blog/costo-confort-tiendas.html,el-costo-invisible-del-confort-en-tiendas-por-departamento/index.html,Redirigiendo a Clickie,Stub legacy con meta refresh y window.location.replace.
legacy-map-normalized,redireccionada,legacy,https://clickie.io/el-impacto-del-aumento-de-tarifas-de-energia-electrica-en-chile,https://clickie.io/recursos/blog/el-impacto-del-aumento-de-tarifas-de-energia-electrica-en-chile.html,scripts/legacy-redirects.js,,"Patrón normalizado; captura variantes con acentos, mayúsculas, guiones y .html."
archivo,redireccionada,legacy,https://clickie.io/el-impacto-del-aumento-de-tarifas-de-energía-eléctrica-en-chile/,https://clickie.io/recursos/blog/el-impacto-del-aumento-de-tarifas-de-energia-electrica-en-chile.html,el-impacto-del-aumento-de-tarifas-de-energía-eléctrica-en-chile/index.html,Redirigiendo a Clickie,Stub legacy con meta refresh y window.location.replace.
legacy-map-normalized,redireccionada,legacy,https://clickie.io/el-problema-no-es-el-consumo-energetico-en-retail-es-la-falta-de-decisiones,https://clickie.io/recursos/blog/el-problema-no-es-el-consumo-energetico-en-retail-es-la-falta-de-decisiones.html,scripts/legacy-redirects.js,,"Patrón normalizado; captura variantes con acentos, mayúsculas, guiones y .html."
archivo,redireccionada,legacy,https://clickie.io/el-problema-no-es-el-consumo-energético-en-retail.-es-la-falta-de-decisiones/,https://clickie.io/recursos/blog/el-problema-no-es-el-consumo-energetico-en-retail-es-la-falta-de-decisiones.html,el-problema-no-es-el-consumo-energético-en-retail.-es-la-falta-de-decisiones/index.html,Redirigiendo a Clickie,Stub legacy con meta refresh y window.location.replace.
legacy-map-normalized,redireccionada,legacy,https://clickie.io/el-rol-del-gestor-energetico-clave-para-la-eficiencia-y-sostenibilidad-empresarial,https://clickie.io/recursos/blog/el-rol-del-gestor-energetico-clave-para-la-eficiencia-y-sostenibilidad-empresarial.html,scripts/legacy-redirects.js,,"Patrón normalizado; captura variantes con acentos, mayúsculas, guiones y .html."
archivo,redireccionada,legacy,https://clickie.io/el-rol-del-gestor-energético-clave-para-la-eficiencia-y-sostenibilidad-empresarial/,https://clickie.io/recursos/blog/el-rol-del-gestor-energetico-clave-para-la-eficiencia-y-sostenibilidad-empresarial.html,el-rol-del-gestor-energético-clave-para-la-eficiencia-y-sostenibilidad-empresarial/index.html,Redirigiendo a Clickie,Stub legacy con meta refresh y window.location.replace.
legacy-map-normalized,redireccionada,legacy,https://clickie.io/energia-datos-y-futuro-clickie-visito-la-expo-osaka-2025,https://clickie.io/recursos/blog/energia-datos-y-futuro-clickie-visito-la-expo-osaka-2025.html,scripts/legacy-redirects.js,,"Patrón normalizado; captura variantes con acentos, mayúsculas, guiones y .html."
archivo,redireccionada,legacy,https://clickie.io/energía-datos-y-futuro-clickie-visitó-la-expo-osaka-2025/,https://clickie.io/recursos/blog/energia-datos-y-futuro-clickie-visito-la-expo-osaka-2025.html,energía-datos-y-futuro-clickie-visitó-la-expo-osaka-2025/index.html,Redirigiendo a Clickie,Stub legacy con meta refresh y window.location.replace.
legacy-map-normalized,redireccionada,legacy,https://clickie.io/equipos-que-funcionan-pero-ya-estan-fallando-lo-que-la-curva-de-energia-detecta-antes-del-service,https://clickie.io/recursos/blog/equipos-que-funcionan-pero-ya-estan-fallando-lo-que-la-curva-de-energia-detecta-antes-del-service.html,scripts/legacy-redirects.js,,"Patrón normalizado; captura variantes con acentos, mayúsculas, guiones y .html."
archivo,redireccionada,legacy,https://clickie.io/equipos-que-funcionan-pero-ya-están-fallando-lo-que-la-curva-de-energía-detecta-antes-del-service/,https://clickie.io/recursos/blog/equipos-que-funcionan-pero-ya-estan-fallando-lo-que-la-curva-de-energia-detecta-antes-del-service.html,equipos-que-funcionan-pero-ya-están-fallando-lo-que-la-curva-de-energía-detecta-antes-del-service/index.html,Redirigiendo a Clickie,Stub legacy con meta refresh y window.location.replace.
legacy-map-exact,redireccionada,legacy,https://clickie.io/es-cl/clickie-gestion-de-facturas,https://clickie.io/servicios/ubm.html,scripts/legacy-redirects.js,,Regla exacta atendida por 404 fallback.
legacy-map-exact,redireccionada,legacy,https://clickie.io/es-cl/clickie-gestion-de-facturas.html,https://clickie.io/servicios/ubm.html,scripts/legacy-redirects.js,,Regla exacta atendida por 404 fallback.
archivo,redireccionada,legacy,https://clickie.io/es-cl/clickie-gestion-de-facturas/,https://clickie.io/servicios/ubm.html,es-cl/clickie-gestion-de-facturas/index.html,Redirigiendo a Clickie,Stub legacy con meta refresh y window.location.replace.
legacy-map-exact,redireccionada,legacy,https://clickie.io/es-cl/clickie-gestion-de-facturas/,https://clickie.io/servicios/ubm.html,scripts/legacy-redirects.js,,Regla exacta atendida por 404 fallback.
legacy-map-exact,redireccionada,legacy,https://clickie.io/es-cl/gestiona-tus-facturas-con-clickie,https://clickie.io/servicios/ubm.html,scripts/legacy-redirects.js,,Regla exacta atendida por 404 fallback.
legacy-map-exact,redireccionada,legacy,https://clickie.io/es-cl/gestiona-tus-facturas-con-clickie.html,https://clickie.io/servicios/ubm.html,scripts/legacy-redirects.js,,Regla exacta atendida por 404 fallback.
archivo,redireccionada,legacy,https://clickie.io/es-cl/gestiona-tus-facturas-con-clickie/,https://clickie.io/servicios/ubm.html,es-cl/gestiona-tus-facturas-con-clickie/index.html,Redirigiendo a Clickie,Stub legacy con meta refresh y window.location.replace.
legacy-map-exact,redireccionada,legacy,https://clickie.io/es-cl/gestiona-tus-facturas-con-clickie/,https://clickie.io/servicios/ubm.html,scripts/legacy-redirects.js,,Regla exacta atendida por 404 fallback.
legacy-map-normalized,redireccionada,legacy,https://clickie.io/esg-datos-reales-trazabilidad-energia,https://clickie.io/recursos/blog/esg-datos-reales-trazabilidad-energia.html,scripts/legacy-redirects.js,,"Patrón normalizado; captura variantes con acentos, mayúsculas, guiones y .html."
archivo,redireccionada,legacy,https://clickie.io/esg-datos-reales-trazabilidad-energia/,https://clickie.io/recursos/blog/esg-datos-reales-trazabilidad-energia.html,esg-datos-reales-trazabilidad-energia/index.html,Redirigiendo a Clickie,Stub legacy con meta refresh y window.location.replace.
archivo,redireccionada,legacy,https://clickie.io/historias/la-araucana-co2.html,https://clickie.io/historias/la-araucana.html,historias/la-araucana-co2.html,Redirigiendo a La Araucana — Clickie,Stub legacy con meta refresh y window.location.replace.
legacy-map-normalized,redireccionada,legacy,https://clickie.io/la-energia-dejo-de-ser-un-gasto-conoce-como-la-energy-cloud-te-hace-ganar-control-y-eficiencia,https://clickie.io/recursos/blog/la-energia-dejo-de-ser-un-gasto-conoce-como-la-energy-cloud-te-hace-ganar-control-y-eficiencia.html,scripts/legacy-redirects.js,,"Patrón normalizado; captura variantes con acentos, mayúsculas, guiones y .html."
archivo,redireccionada,legacy,https://clickie.io/la-energía-dejó-de-ser-un-gasto.-conoce-cómo-la-energy-cloud-te-hace-ganar-control-y-eficiencia/,https://clickie.io/recursos/blog/la-energia-dejo-de-ser-un-gasto-conoce-como-la-energy-cloud-te-hace-ganar-control-y-eficiencia.html,la-energía-dejó-de-ser-un-gasto.-conoce-cómo-la-energy-cloud-te-hace-ganar-control-y-eficiencia/index.html,Redirigiendo a Clickie,Stub legacy con meta refresh y window.location.replace.
legacy-map-normalized,redireccionada,legacy,https://clickie.io/la-hora-del-planeta-mas-que-apagar-las-luces,https://clickie.io/recursos/blog/la-hora-del-planeta-mas-que-apagar-las-luces.html,scripts/legacy-redirects.js,,"Patrón normalizado; captura variantes con acentos, mayúsculas, guiones y .html."
archivo,redireccionada,legacy,https://clickie.io/la-hora-del-planeta-más-que-apagar-las-luces/,https://clickie.io/recursos/blog/la-hora-del-planeta-mas-que-apagar-las-luces.html,la-hora-del-planeta-más-que-apagar-las-luces/index.html,Redirigiendo a Clickie,Stub legacy con meta refresh y window.location.replace.
legacy-map-normalized,redireccionada,legacy,https://clickie.io/la-transicion-energetica-como-oportunidad-de-crecimiento,https://clickie.io/recursos/blog/transicion-energetica.html,scripts/legacy-redirects.js,,"Patrón normalizado; captura variantes con acentos, mayúsculas, guiones y .html."
archivo,redireccionada,legacy,https://clickie.io/la-transición-energética-como-oportunidad-de-crecimiento/,https://clickie.io/recursos/blog/transicion-energetica.html,la-transición-energética-como-oportunidad-de-crecimiento/index.html,Redirigiendo a Clickie,Stub legacy con meta refresh y window.location.replace.
legacy-map-normalized,redireccionada,legacy,https://clickie.io/las-empresas-consumidoras-de-energia-estan-cambiando-las-reglas-del-juego-en-el-sector-energetico-entrevista-a-marcelo-llevenes-ceo-de-clickie,https://clickie.io/recursos/blog/las-empresas-consumidoras-de-energia-estan-cambiando-las-reglas-del-juego-en-el-sector-energetico-entrevista-a-marcelo-llevenes-ceo-de-clickie.html,scripts/legacy-redirects.js,,"Patrón normalizado; captura variantes con acentos, mayúsculas, guiones y .html."
archivo,redireccionada,legacy,https://clickie.io/las-empresas-consumidoras-de-energía-están-cambiando-las-reglas-del-juego-en-el-sector-energético-entrevista-a-marcelo-llévenes-ceo-de-clickie/,https://clickie.io/recursos/blog/las-empresas-consumidoras-de-energia-estan-cambiando-las-reglas-del-juego-en-el-sector-energetico-entrevista-a-marcelo-llevenes-ceo-de-clickie.html,las-empresas-consumidoras-de-energía-están-cambiando-las-reglas-del-juego-en-el-sector-energético-entrevista-a-marcelo-llévenes-ceo-de-clickie/index.html,Redirigiendo a Clickie,Stub legacy con meta refresh y window.location.replace.
legacy-map-normalized,redireccionada,legacy,https://clickie.io/los-4-errores-que-esconde-una-factura-electrica-de-retail,https://clickie.io/recursos/blog/los-4-errores-que-esconde-una-factura-electrica-de-retail.html,scripts/legacy-redirects.js,,"Patrón normalizado; captura variantes con acentos, mayúsculas, guiones y .html."
archivo,redireccionada,legacy,https://clickie.io/los-4-errores-que-esconde-una-factura-eléctrica-de-retail/,https://clickie.io/recursos/blog/los-4-errores-que-esconde-una-factura-electrica-de-retail.html,los-4-errores-que-esconde-una-factura-eléctrica-de-retail/index.html,Redirigiendo a Clickie,Stub legacy con meta refresh y window.location.replace.
legacy-map-normalized,redireccionada,legacy,https://clickie.io/los-impulsores-del-cambio-energetico-clientes-mas-exigentes-datos-mas-valiosos-y-un-sistema-mas-descentralizado,https://clickie.io/recursos/blog/los-impulsores-del-cambio-energetico-clientes-mas-exigentes-datos-mas-valiosos-y-un-sistema-mas-descentralizado.html,scripts/legacy-redirects.js,,"Patrón normalizado; captura variantes con acentos, mayúsculas, guiones y .html."
archivo,redireccionada,legacy,https://clickie.io/los-impulsores-del-cambio-energético-clientes-más-exigentes-datos-más-valiosos-y-un-sistema-más-descentralizado/,https://clickie.io/recursos/blog/los-impulsores-del-cambio-energetico-clientes-mas-exigentes-datos-mas-valiosos-y-un-sistema-mas-descentralizado.html,los-impulsores-del-cambio-energético-clientes-más-exigentes-datos-más-valiosos-y-un-sistema-más-descentralizado/index.html,Redirigiendo a Clickie,Stub legacy con meta refresh y window.location.replace.
legacy-map-normalized,redireccionada,legacy,https://clickie.io/mide-lo-que-realmente-importa-optimizacion-datos-y-eficiencia-al-alcance-de-tu-linea-de-produccion,https://clickie.io/recursos/blog/mide-lo-que-realmente-importa-optimizacion-datos-y-eficiencia-al-alcance-de-tu-linea-de-produccion.html,scripts/legacy-redirects.js,,"Patrón normalizado; captura variantes con acentos, mayúsculas, guiones y .html."
archivo,redireccionada,legacy,https://clickie.io/mide-lo-que-realmente-importa-optimización-datos-y-eficiencia-al-alcance-de-tu-línea-de-producción/,https://clickie.io/recursos/blog/mide-lo-que-realmente-importa-optimizacion-datos-y-eficiencia-al-alcance-de-tu-linea-de-produccion.html,mide-lo-que-realmente-importa-optimización-datos-y-eficiencia-al-alcance-de-tu-línea-de-producción/index.html,Redirigiendo a Clickie,Stub legacy con meta refresh y window.location.replace.
archivo,redireccionada,legacy,https://clickie.io/monitoreo_de_agua/,https://clickie.io/recursos/blog/monitoreo-de-agua.html,monitoreo_de_agua/index.html,Redirigiendo a Clickie,Stub legacy con meta refresh y window.location.replace.
legacy-map-normalized,redireccionada,legacy,https://clickie.io/monitoreo-de-agua,https://clickie.io/recursos/blog/monitoreo-de-agua.html,scripts/legacy-redirects.js,,"Patrón normalizado; captura variantes con acentos, mayúsculas, guiones y .html."
legacy-map-normalized,redireccionada,legacy,https://clickie.io/nuevo-aumento-en-el-precio-de-la-electricidad-a-partir-de-julio-2025,https://clickie.io/recursos/blog/nuevo-aumento-en-el-precio-de-la-electricidad-a-partir-de-julio-2025.html,scripts/legacy-redirects.js,,"Patrón normalizado; captura variantes con acentos, mayúsculas, guiones y .html."
archivo,redireccionada,legacy,https://clickie.io/nuevo-aumento-en-el-precio-de-la-electricidad-a-partir-de-julio-2025/,https://clickie.io/recursos/blog/nuevo-aumento-en-el-precio-de-la-electricidad-a-partir-de-julio-2025.html,nuevo-aumento-en-el-precio-de-la-electricidad-a-partir-de-julio-2025/index.html,Redirigiendo a Clickie,Stub legacy con meta refresh y window.location.replace.
legacy-map-normalized,redireccionada,legacy,https://clickie.io/optimiza-tu-operacion-diaria-cada-decision-energetica-cuenta,https://clickie.io/recursos/blog/optimiza-tu-operacion-diaria-cada-decision-energetica-cuenta.html,scripts/legacy-redirects.js,,"Patrón normalizado; captura variantes con acentos, mayúsculas, guiones y .html."
archivo,redireccionada,legacy,https://clickie.io/optimiza-tu-operación-diaria-cada-decisión-energética-cuenta/,https://clickie.io/recursos/blog/optimiza-tu-operacion-diaria-cada-decision-energetica-cuenta.html,optimiza-tu-operación-diaria-cada-decisión-energética-cuenta/index.html,Redirigiendo a Clickie,Stub legacy con meta refresh y window.location.replace.
legacy-map-normalized,redireccionada,legacy,https://clickie.io/paso-a-paso-como-ayuda-clickie-a-las-empresas-a-gestionar-mejor-su-energia,https://clickie.io/recursos/blog/como-ayuda-clickie.html,scripts/legacy-redirects.js,,"Patrón normalizado; captura variantes con acentos, mayúsculas, guiones y .html."
archivo,redireccionada,legacy,https://clickie.io/paso-a-paso-cómo-ayuda-clickie-a-las-empresas-a-gestionar-mejor-su-energía/,https://clickie.io/recursos/blog/como-ayuda-clickie.html,paso-a-paso-cómo-ayuda-clickie-a-las-empresas-a-gestionar-mejor-su-energía/index.html,Redirigiendo a Clickie,Stub legacy con meta refresh y window.location.replace.
legacy-map-normalized,redireccionada,legacy,https://clickie.io/piloto-de-avion-y-no-medico-forense-la-diferencia-de-hacer-gestion-energetica-con-datos-pasados-vs-datos-en-linea,https://clickie.io/recursos/blog/piloto-de-avion-y-no-medico-forense-la-diferencia-de-hacer-gestion-energetica-con-datos-pasados-vs-datos-en-linea.html,scripts/legacy-redirects.js,,"Patrón normalizado; captura variantes con acentos, mayúsculas, guiones y .html."
archivo,redireccionada,legacy,https://clickie.io/piloto-de-avión-y-no-médico-forense-la-diferencia-de-hacer-gestión-energética-con-datos-pasados-vs.-datos-en-línea/,https://clickie.io/recursos/blog/piloto-de-avion-y-no-medico-forense-la-diferencia-de-hacer-gestion-energetica-con-datos-pasados-vs-datos-en-linea.html,piloto-de-avión-y-no-médico-forense-la-diferencia-de-hacer-gestión-energética-con-datos-pasados-vs.-datos-en-línea/index.html,Redirigiendo a Clickie,Stub legacy con meta refresh y window.location.replace.
legacy-map-normalized,redireccionada,legacy,https://clickie.io/potencia-tu-empresa-con-clickie-una-solucion-integral-para-la-gestion-energetica,https://clickie.io/recursos/blog/potencia-tu-empresa-con-clickie-una-solucion-integral-para-la-gestion-energetica.html,scripts/legacy-redirects.js,,"Patrón normalizado; captura variantes con acentos, mayúsculas, guiones y .html."
archivo,redireccionada,legacy,https://clickie.io/potencia-tu-empresa-con-clickie-una-solución-integral-para-la-gestión-energética/,https://clickie.io/recursos/blog/potencia-tu-empresa-con-clickie-una-solucion-integral-para-la-gestion-energetica.html,potencia-tu-empresa-con-clickie-una-solución-integral-para-la-gestión-energética/index.html,Redirigiendo a Clickie,Stub legacy con meta refresh y window.location.replace.
legacy-map-normalized,redireccionada,legacy,https://clickie.io/primer-trimestre-del-ano-como-medir-y-mejorar-tu-gestion-energetica,https://clickie.io/recursos/blog/primer-trimestre-del-ano-como-medir-y-mejorar-tu-gestion-energetica.html,scripts/legacy-redirects.js,,"Patrón normalizado; captura variantes con acentos, mayúsculas, guiones y .html."
archivo,redireccionada,legacy,https://clickie.io/primer-trimestre-del-año-cómo-medir-y-mejorar-tu-gestión-energética/,https://clickie.io/recursos/blog/primer-trimestre-del-ano-como-medir-y-mejorar-tu-gestion-energetica.html,primer-trimestre-del-año-cómo-medir-y-mejorar-tu-gestión-energética/index.html,Redirigiendo a Clickie,Stub legacy con meta refresh y window.location.replace.
legacy-map-normalized,redireccionada,legacy,https://clickie.io/prorrateos-a-ciegas-la-ineficiencia-energetica-que-los-centros-comerciales-mall,https://clickie.io/recursos/blog/prorrateos-a-ciegas-la-ineficiencia-energetica-que-los-centros-comerciales-mall.html,scripts/legacy-redirects.js,,"Patrón normalizado; captura variantes con acentos, mayúsculas, guiones y .html."
archivo,redireccionada,legacy,https://clickie.io/prorrateos-a-ciegas-la-ineficiencia-energética-que-los-centros-comerciales-mall/,https://clickie.io/recursos/blog/prorrateos-a-ciegas-la-ineficiencia-energetica-que-los-centros-comerciales-mall.html,prorrateos-a-ciegas-la-ineficiencia-energética-que-los-centros-comerciales-mall/index.html,Redirigiendo a Clickie,Stub legacy con meta refresh y window.location.replace.
legacy-map-normalized,redireccionada,legacy,https://clickie.io/que-hacen-distinto-los-lideres-en-sostenibilidad,https://clickie.io/recursos/blog/que-hacen-distinto-los-lideres-en-sostenibilidad.html,scripts/legacy-redirects.js,,"Patrón normalizado; captura variantes con acentos, mayúsculas, guiones y .html."
archivo,redireccionada,legacy,https://clickie.io/qué-hacen-distinto-los-líderes-en-sostenibilidad/,https://clickie.io/recursos/blog/que-hacen-distinto-los-lideres-en-sostenibilidad.html,qué-hacen-distinto-los-líderes-en-sostenibilidad/index.html,Redirigiendo a Clickie,Stub legacy con meta refresh y window.location.replace.
legacy-map-normalized,redireccionada,legacy,https://clickie.io/que-significa-una-inflacion-energetica-de-0-para-las-empresas-en-america-latina,https://clickie.io/recursos/blog/que-significa-una-inflacion-energetica-de-0-para-las-empresas-en-america-latina.html,scripts/legacy-redirects.js,,"Patrón normalizado; captura variantes con acentos, mayúsculas, guiones y .html."
archivo,redireccionada,legacy,https://clickie.io/qué-significa-una-inflación-energética-de-0-para-las-empresas-en-américa-latina/,https://clickie.io/recursos/blog/que-significa-una-inflacion-energetica-de-0-para-las-empresas-en-america-latina.html,qué-significa-una-inflación-energética-de-0-para-las-empresas-en-américa-latina/index.html,Redirigiendo a Clickie,Stub legacy con meta refresh y window.location.replace.
legacy-map-normalized,redireccionada,legacy,https://clickie.io/que-va-a-pasar-con-tu-factura-electrica-en-2026,https://clickie.io/recursos/blog/que-va-a-pasar-con-tu-factura-electrica-en-2026.html,scripts/legacy-redirects.js,,"Patrón normalizado; captura variantes con acentos, mayúsculas, guiones y .html."
archivo,redireccionada,legacy,https://clickie.io/qué-va-a-pasar-con-tu-factura-eléctrica-en-2026/,https://clickie.io/recursos/blog/que-va-a-pasar-con-tu-factura-electrica-en-2026.html,qué-va-a-pasar-con-tu-factura-eléctrica-en-2026/index.html,Redirigiendo a Clickie,Stub legacy con meta refresh y window.location.replace.
archivo,redireccionada,legacy,https://clickie.io/recursos/calculadora.html,https://clickie.io/cotiza.html,recursos/calculadora.html,Clickie — Cotiza aquí,Stub legacy con meta refresh y window.location.replace.
legacy-map-normalized,redireccionada,legacy,https://clickie.io/remarcacion-y-submetering-lo-que-no-mides-lo-subsidias,https://clickie.io/recursos/blog/remarcacion-submetering.html,scripts/legacy-redirects.js,,"Patrón normalizado; captura variantes con acentos, mayúsculas, guiones y .html."
archivo,redireccionada,legacy,https://clickie.io/remarcación-y-submetering-lo-que-no-mides-lo-subsidias/,https://clickie.io/recursos/blog/remarcacion-submetering.html,remarcación-y-submetering-lo-que-no-mides-lo-subsidias/index.html,Redirigiendo a Clickie,Stub legacy con meta refresh y window.location.replace.
legacy-map-normalized,redireccionada,legacy,https://clickie.io/sabes-cuanto-impacto-positivo-esta-generando-tu-empresa,https://clickie.io/recursos/blog/sabes-cuanto-impacto-positivo-esta-generando-tu-empresa.html,scripts/legacy-redirects.js,,"Patrón normalizado; captura variantes con acentos, mayúsculas, guiones y .html."
archivo,redireccionada,legacy,https://clickie.io/sabes-cuánto-impacto-positivo-está-generando-tu-empresa/,https://clickie.io/recursos/blog/sabes-cuanto-impacto-positivo-esta-generando-tu-empresa.html,sabes-cuánto-impacto-positivo-está-generando-tu-empresa/index.html,Redirigiendo a Clickie,Stub legacy con meta refresh y window.location.replace.
legacy-map-normalized,redireccionada,legacy,https://clickie.io/sabias-que-1c-puede-definir-la-rentabilidad-de-tu-tienda-este-verano,https://clickie.io/recursos/blog/1-grado-rentabilidad.html,scripts/legacy-redirects.js,,"Patrón normalizado; captura variantes con acentos, mayúsculas, guiones y .html."
archivo,redireccionada,legacy,https://clickie.io/sabías-que-1c-puede-definir-la-rentabilidad-de-tu-tienda-este-verano-️/,https://clickie.io/recursos/blog/1-grado-rentabilidad.html,sabías-que-1c-puede-definir-la-rentabilidad-de-tu-tienda-este-verano-️/index.html,Redirigiendo a Clickie,Stub legacy con meta refresh y window.location.replace.
legacy-map-normalized,redireccionada,legacy,https://clickie.io/sabias-que-puedes-usar-tus-datos-del-coordinador-electrico-en-la-plataforma-clickie,https://clickie.io/recursos/blog/sabias-que-puedes-usar-tus-datos-del-coordinador-electrico-en-la-plataforma-clickie.html,scripts/legacy-redirects.js,,"Patrón normalizado; captura variantes con acentos, mayúsculas, guiones y .html."
archivo,redireccionada,legacy,https://clickie.io/sabías-que-puedes-usar-tus-datos-del-coordinador-eléctrico-en-la-plataforma-clickie/,https://clickie.io/recursos/blog/sabias-que-puedes-usar-tus-datos-del-coordinador-electrico-en-la-plataforma-clickie.html,sabías-que-puedes-usar-tus-datos-del-coordinador-eléctrico-en-la-plataforma-clickie/index.html,Redirigiendo a Clickie,Stub legacy con meta refresh y window.location.replace.
legacy-map-normalized,redireccionada,legacy,https://clickie.io/starbucks-ahorra-energia-junto-a-clickie,https://clickie.io/recursos/blog/starbucks-clickie.html,scripts/legacy-redirects.js,,"Patrón normalizado; captura variantes con acentos, mayúsculas, guiones y .html."
archivo,redireccionada,legacy,https://clickie.io/starbucks-ahorra-energía-junto-a-clickie/,https://clickie.io/recursos/blog/starbucks-clickie.html,starbucks-ahorra-energía-junto-a-clickie/index.html,Redirigiendo a Clickie,Stub legacy con meta refresh y window.location.replace.
legacy-map-prefix,redireccionada,legacy,https://clickie.io/tag/*,https://clickie.io/recursos/blog.html,scripts/legacy-redirects.js,,Prefijo legacy cubierto por 404 fallback.
legacy-map-normalized,redireccionada,legacy,https://clickie.io/tarifa-electrica-operacion-real,https://clickie.io/recursos/blog/tarifa-electrica-operacion-real.html,scripts/legacy-redirects.js,,"Patrón normalizado; captura variantes con acentos, mayúsculas, guiones y .html."
archivo,redireccionada,legacy,https://clickie.io/tarifa-electrica-operacion-real/,https://clickie.io/recursos/blog/tarifa-electrica-operacion-real.html,tarifa-electrica-operacion-real/index.html,Redirigiendo a Clickie,Stub legacy con meta refresh y window.location.replace.
legacy-map-normalized,redireccionada,legacy,https://clickie.io/tienes-datos-de-tu-consumo-de-energia-ahora-usalos-para-tomar-decisiones-reales,https://clickie.io/recursos/blog/tienes-datos-de-tu-consumo-de-energia-ahora-usalos-para-tomar-decisiones-reales.html,scripts/legacy-redirects.js,,"Patrón normalizado; captura variantes con acentos, mayúsculas, guiones y .html."
archivo,redireccionada,legacy,https://clickie.io/tienes-datos-de-tu-consumo-de-energía-ahora-usalos-para-tomar-decisiones-reales/,https://clickie.io/recursos/blog/tienes-datos-de-tu-consumo-de-energia-ahora-usalos-para-tomar-decisiones-reales.html,tienes-datos-de-tu-consumo-de-energía-ahora-usalos-para-tomar-decisiones-reales/index.html,Redirigiendo a Clickie,Stub legacy con meta refresh y window.location.replace.
legacy-map-normalized,redireccionada,legacy,https://clickie.io/transformar-datos-en-ahorros-asi-reduces-tus-costos-energeticos,https://clickie.io/recursos/blog/transformar-datos-en-ahorros-asi-reduces-tus-costos-energeticos.html,scripts/legacy-redirects.js,,"Patrón normalizado; captura variantes con acentos, mayúsculas, guiones y .html."
archivo,redireccionada,legacy,https://clickie.io/transformar-datos-en-ahorros-así-reduces-tus-costos-energéticos/,https://clickie.io/recursos/blog/transformar-datos-en-ahorros-asi-reduces-tus-costos-energeticos.html,transformar-datos-en-ahorros-así-reduces-tus-costos-energéticos/index.html,Redirigiendo a Clickie,Stub legacy con meta refresh y window.location.replace.
legacy-map-normalized,redireccionada,legacy,https://clickie.io/verdantix-smart-innovators-2025-que-cambio-en-el-ems-moderno,https://clickie.io/recursos/blog/verdantix-smart-innovators-2025-que-cambio-en-el-ems-moderno.html,scripts/legacy-redirects.js,,"Patrón normalizado; captura variantes con acentos, mayúsculas, guiones y .html."
archivo,redireccionada,legacy,https://clickie.io/verdantix-smart-innovators-2025-qué-cambió-en-el-ems-moderno/,https://clickie.io/recursos/blog/verdantix-smart-innovators-2025-que-cambio-en-el-ems-moderno.html,verdantix-smart-innovators-2025-qué-cambió-en-el-ems-moderno/index.html,Redirigiendo a Clickie,Stub legacy con meta refresh y window.location.replace.
